Type,Name,Request Count,Failure Count,Median Response Time,Average Response Time,Min Response Time,Max Response Time,Average Content Size,Requests/s,Failures/s,50%,66%,75%,80%,90%,95%,98%,99%,99.9%,99.99%,100%
GET,/,378,0,360.0,688.0122717751171,18.273953999596415,2171.1439299979247,42558.0,12.792907061763811,0.0,370,960,1200,1400,1800,1900,2100,2200,2200,2200,2200
GET,/loadArticles?id=24,411,0,480.0,702.9163360706186,21.176861999265384,2161.9021320002503,44439.0,13.909748154457477,0.0,480,950,1200,1500,1700,1900,2000,2000,2200,2200,2200
GET,/writers,368,0,680.0,1334.3162210190999,35.93586400165805,3934.1034749995742,2928.0,12.454470367008154,0.0,700,1800,2200,2800,3400,3700,3800,3900,3900,3900,3900
,Aggregated,1157,0,570.0,898.8726207355642,18.273953999596415,3934.1034749995742,30621.311149524634,39.157125583229444,0.0,570,1000,1500,1700,2000,3200,3600,3800,3900,3900,3900
