Type,Name,Request Count,Failure Count,Median Response Time,Average Response Time,Min Response Time,Max Response Time,Average Content Size,Requests/s,Failures/s,50%,66%,75%,80%,90%,95%,98%,99%,99.9%,99.99%,100%
GET,/,159,0,41,48.05045681139333,10.07463299902156,151.101307998033,40480.0,10.585844331273487,0.0,41,55,66,71,91,110,130,130,150,150,150
GET,/loadArticles?id=22,158,0,32,41.12488072788909,7.900422002421692,159.68063300169888,15558.0,10.519266693969879,0.0,33,41,49,58,89,110,120,140,160,160,160
GET,/writers,162,0,66,77.64972212330407,14.965313999709906,201.17235699945013,3077.0,10.785577243184306,0.0,66,94,110,120,150,170,180,200,200,200,200
,Aggregated,479,0,41,55.77663626720935,7.900422002421692,201.17235699945013,19609.515657620042,31.890688268427674,0.0,41,61,75,87,120,150,170,180,200,200,200
